[{
  "_id": {
    "$oid": "66360fa5b7a1b585ba74b87a"
  },
  "customer_name": "malak ahmed",
  "phone_number/s": [
    {
      "phone_number1": "01233413867",
      "phone_number2": "01289245677"
    }
  ],
  "email/s": [
    {
      "email1": "malak.ahmed@gmail.com"
    }
  ],
  "password": "ma123456",
  "gender": "female",
  "age": 32,
  "address": " palm hills , new cairo ",
  "occupation": " data scientist",
  "purchase_history": [
    {
      "car_purchased": "porsche cayenne",
      "year_purchased": 2019
    }
  ]
},
{
  "_id": {
    "$oid": "66361089b7a1b585ba74b87c"
  },
  "customer_name": "reem yasser",
  "phone_number/s": [
    {
      "phone_number1": "01256788676",
      "phone_number2": "01266678776"
    }
  ],
  "email/s": [
    {
      "email1": "reem.yasser@gmail.com"
    }
  ],
  "password": "ry123456",
  "gender": "female",
  "age": 29,
  "address": "  el tagamoa ",
  "occupation": " software engineer",
  "purchase_history": [
    {
      "car_purchased": "porsche 911 coupe ",
      "year_purchased": 2017
    }
  ]
},
{
  "_id": {
    "$oid": "66361132b7a1b585ba74b880"
  },
  "customer_name": "sandra george",
  "phone_number/s": [
    {
      "phone_number1": "01233786544",
      "phone_number2": "01267904563"
    }
  ],
  "email/s": [
    {
      "email1": "sandra.george@gmail.com"
    }
  ],
  "password": "sg123456",
  "gender": "female",
  "age": 27,
  "address": "  masr el gedida ",
  "occupation": " software engineer",
  "purchase_history": [
    {
      "car_purchased": "porsche cayenne",
      "year_purchased": 2018
    }
  ]
},
{
  "_id": {
    "$oid": "664754036e6f3b699643d578"
  },
  "customer_name": "uuu"
},
{
  "_id": {
    "$oid": "664757925ebd446183d05f9a"
  },
  "name": "New Customer",
  "email": "new@example.com"
},
{
  "_id": {
    "$oid": "66475af75ebd446183d05f9b"
  },
  "name": "New Customer",
  "email": "new@example.com"
},
{
  "_id": {
    "$oid": "6647731e8fc82c794d69553c"
  },
  "name": "New Customer",
  "email": "new@example.com"
},
{
  "_id": {
    "$oid": "6647731e8fc82c794d69553d"
  },
  "name": "New Customer",
  "email": "new@example.com"
},
{
  "_id": {
    "$oid": "6647aceec84f4401383a2738"
  },
  "name": "New Customer",
  "email": "new@example.com"
}]