[{
  "_id": {
    "$oid": "6636022ab7a1b585ba74b872"
  },
  "Product_name": "porsche cayenne",
  "quantity_available": 8,
  "price": 3950000,
  "model": "coupe style SUV",
  "Year": 2016,
  "description": [
    {
      "body_type": "coupe style SUV",
      "engine": "2995 cc",
      "transmission_type": "automatic",
      "fuel_type": "Petrol",
      "top_speed": "248 kmph"
    },
    {
      "body_type": "S E-Hybrid Coupé",
      "engine": "4.0-litre biturbo V8 ",
      "transmission_type": "automatic",
      "fuel_type": "Petrol",
      "top_speed": "263 km/h"
    }
  ]
},
{
  "_id": {
    "$oid": "663604c1b7a1b585ba74b874"
  },
  "Product_name": " Porsche 911 Convertible ",
  "quantity_available": 6,
  "price": 5970800,
  "model": "911 Carrera S Cabriolet",
  "Year": 2016,
  "description": [
    {
      "body_type": "convertible",
      "engine": "M97.74 Engine",
      "transmission_type": "automatic",
      "fuel_type": "Petrol",
      "top_speed": "191 kmph"
    }
  ]
},
{
  "_id": {
    "$oid": "66360d0db7a1b585ba74b877"
  },
  "Product_name ": "Porsche taycan ",
  "quantity_available": 9,
  "price": 38115550,
  "model": "taycan turbo S",
  "Year": 2020,
  "description": [
    {
      "body_type": "Wagon",
      "engine": "938 horsepower",
      "transmission_type": "automatic",
      "fuel_type": "Petrol",
      "top_speed": "260 kmph"
    }
  ]
},
{
  "_id": "65e8f89f5f689f659f",
  "image": "https://www.linearity.io/blog/content/images/2023/06/how-to-create-a-car-NewBlogCover.png",
  "avaliblecars": "500",
  "price": "5000000",
  "description": "perfect car",
  "status": "approved",
  "Product_name": "progressive"
},
{
  "_id": {
    "$oid": "66472913b43ff622a880f384"
  },
  "Product_name": "New Product",
  "description": "New Description"
},
{
  "_id": {
    "$oid": "66472914b43ff622a880f385"
  },
  "Product_name": "New Product",
  "description": "New Description"
},
{
  "_id": {
    "$oid": "66472915b43ff622a880f386"
  },
  "Product_name": "New Product",
  "description": "New Description"
},
{
  "_id": {
    "$oid": "66472937b43ff622a880f387"
  },
  "Product_name": "New Product",
  "description": "New Description"
},
{
  "_id": {
    "$oid": "66472938b43ff622a880f388"
  },
  "Product_name": "New Product",
  "description": "New Description"
},
{
  "_id": {
    "$oid": "66472939b43ff622a880f389"
  },
  "Product_name": "New Product",
  "description": "New Description"
},
{
  "_id": {
    "$oid": "664729bab43ff622a880f38a"
  },
  "Product_name": "New Product",
  "description": "New Description"
},
{
  "_id": {
    "$oid": "664749635ea4c1e880c64efd"
  },
  "Product_name": "New Product",
  "description": "New Description"
},
{
  "_id": {
    "$oid": "664751b06e6f3b699643d577"
  }
},
{
  "_id": {
    "$oid": "664754e55ebd446183d05f99"
  },
  "Product_name": "rti",
  "description": "rty"
},
{
  "_id": {
    "$oid": "66475ca25ebd446183d05f9c"
  },
  "Product_name": "New Product",
  "description": "New Description"
},
{
  "_id": {
    "$oid": "664779d98fc82c794d69553e"
  },
  "Product_name": "New Product",
  "description": "New Description"
},
{
  "_id": {
    "$oid": "66479c3a04d366150b695882"
  },
  "Product_name": "New Product",
  "description": "New Description"
},
{
  "_id": {
    "$oid": "6647aee7b0339092942dbcb3"
  },
  "Product_name": "New Product",
  "description": "New Description"
}]